email,password
user_1000_0@example.com,password0
user_1000_1@example.com,password1
user_1000_2@example.com,password2
user_1000_3@example.com,password3
user_1000_4@example.com,password4
user_1000_5@example.com,password5
user_1000_6@example.com,password6
user_1000_7@example.com,password7
user_1000_8@example.com,password8
user_1000_9@example.com,password9
user_1000_10@example.com,password10
user_1000_11@example.com,password11
user_1000_12@example.com,password12
user_1000_13@example.com,password13
user_1000_14@example.com,password14
user_1000_15@example.com,password15
user_1000_16@example.com,password16
user_1000_17@example.com,password17
user_1000_18@example.com,password18
user_1000_19@example.com,password19
user_1000_20@example.com,password20
user_1000_21@example.com,password21
user_1000_22@example.com,password22
user_1000_23@example.com,password23
user_1000_24@example.com,password24
user_1000_25@example.com,password25
user_1000_26@example.com,password26
user_1000_27@example.com,password27
user_1000_28@example.com,password28
user_1000_29@example.com,password29
user_1000_30@example.com,password30
user_1000_31@example.com,password31
user_1000_32@example.com,password32
user_1000_33@example.com,password33
user_1000_34@example.com,password34
user_1000_35@example.com,password35
user_1000_36@example.com,password36
user_1000_37@example.com,password37
user_1000_38@example.com,password38
user_1000_39@example.com,password39
user_1000_40@example.com,password40
user_1000_41@example.com,password41
user_1000_42@example.com,password42
user_1000_43@example.com,password43
user_1000_44@example.com,password44
user_1000_45@example.com,password45
user_1000_46@example.com,password46
user_1000_47@example.com,password47
user_1000_48@example.com,password48
user_1000_49@example.com,password49
user_1000_50@example.com,password50
user_1000_51@example.com,password51
user_1000_52@example.com,password52
user_1000_53@example.com,password53
user_1000_54@example.com,password54
user_1000_55@example.com,password55
user_1000_56@example.com,password56
user_1000_57@example.com,password57
user_1000_58@example.com,password58
user_1000_59@example.com,password59
user_1000_60@example.com,password60
user_1000_61@example.com,password61
user_1000_62@example.com,password62
user_1000_63@example.com,password63
user_1000_64@example.com,password64
user_1000_65@example.com,password65
user_1000_66@example.com,password66
user_1000_67@example.com,password67
user_1000_68@example.com,password68
user_1000_69@example.com,password69
user_1000_70@example.com,password70
user_1000_71@example.com,password71
user_1000_72@example.com,password72
user_1000_73@example.com,password73
user_1000_74@example.com,password74
user_1000_75@example.com,password75
user_1000_76@example.com,password76
user_1000_77@example.com,password77
user_1000_78@example.com,password78
user_1000_79@example.com,password79
user_1000_80@example.com,password80
user_1000_81@example.com,password81
user_1000_82@example.com,password82
user_1000_83@example.com,password83
user_1000_84@example.com,password84
user_1000_85@example.com,password85
user_1000_86@example.com,password86
user_1000_87@example.com,password87
user_1000_88@example.com,password88
user_1000_89@example.com,password89
user_1000_90@example.com,password90
user_1000_91@example.com,password91
user_1000_92@example.com,password92
user_1000_93@example.com,password93
user_1000_94@example.com,password94
user_1000_95@example.com,password95
user_1000_96@example.com,password96
user_1000_97@example.com,password97
user_1000_98@example.com,password98
user_1000_99@example.com,password99
user_1000_100@example.com,password100
user_1000_101@example.com,password101
user_1000_102@example.com,password102
user_1000_103@example.com,password103
user_1000_104@example.com,password104
user_1000_105@example.com,password105
user_1000_106@example.com,password106
user_1000_107@example.com,password107
user_1000_108@example.com,password108
user_1000_109@example.com,password109
user_1000_110@example.com,password110
user_1000_111@example.com,password111
user_1000_112@example.com,password112
user_1000_113@example.com,password113
user_1000_114@example.com,password114
user_1000_115@example.com,password115
user_1000_116@example.com,password116
user_1000_117@example.com,password117
user_1000_118@example.com,password118
user_1000_119@example.com,password119
user_1000_120@example.com,password120
user_1000_121@example.com,password121
user_1000_122@example.com,password122
user_1000_123@example.com,password123
user_1000_124@example.com,password124
user_1000_125@example.com,password125
user_1000_126@example.com,password126
user_1000_127@example.com,password127
user_1000_128@example.com,password128
user_1000_129@example.com,password129
user_1000_130@example.com,password130
user_1000_131@example.com,password131
user_1000_132@example.com,password132
user_1000_133@example.com,password133
user_1000_134@example.com,password134
user_1000_135@example.com,password135
user_1000_136@example.com,password136
user_1000_137@example.com,password137
user_1000_138@example.com,password138
user_1000_139@example.com,password139
user_1000_140@example.com,password140
user_1000_141@example.com,password141
user_1000_142@example.com,password142
user_1000_143@example.com,password143
user_1000_144@example.com,password144
user_1000_145@example.com,password145
user_1000_146@example.com,password146
user_1000_147@example.com,password147
user_1000_148@example.com,password148
user_1000_149@example.com,password149
user_1000_150@example.com,password150
user_1000_151@example.com,password151
user_1000_152@example.com,password152
user_1000_153@example.com,password153
user_1000_154@example.com,password154
user_1000_155@example.com,password155
user_1000_156@example.com,password156
user_1000_157@example.com,password157
user_1000_158@example.com,password158
user_1000_159@example.com,password159
user_1000_160@example.com,password160
user_1000_161@example.com,password161
user_1000_162@example.com,password162
user_1000_163@example.com,password163
user_1000_164@example.com,password164
user_1000_165@example.com,password165
user_1000_166@example.com,password166
user_1000_167@example.com,password167
user_1000_168@example.com,password168
user_1000_169@example.com,password169
user_1000_170@example.com,password170
user_1000_171@example.com,password171
user_1000_172@example.com,password172
user_1000_173@example.com,password173
user_1000_174@example.com,password174
user_1000_175@example.com,password175
user_1000_176@example.com,password176
user_1000_177@example.com,password177
user_1000_178@example.com,password178
user_1000_179@example.com,password179
user_1000_180@example.com,password180
user_1000_181@example.com,password181
user_1000_182@example.com,password182
user_1000_183@example.com,password183
user_1000_184@example.com,password184
user_1000_185@example.com,password185
user_1000_186@example.com,password186
user_1000_187@example.com,password187
user_1000_188@example.com,password188
user_1000_189@example.com,password189
user_1000_190@example.com,password190
user_1000_191@example.com,password191
user_1000_192@example.com,password192
user_1000_193@example.com,password193
user_1000_194@example.com,password194
user_1000_195@example.com,password195
user_1000_196@example.com,password196
user_1000_197@example.com,password197
user_1000_198@example.com,password198
user_1000_199@example.com,password199
user_1000_200@example.com,password200
user_1000_201@example.com,password201
user_1000_202@example.com,password202
user_1000_203@example.com,password203
user_1000_204@example.com,password204
user_1000_205@example.com,password205
user_1000_206@example.com,password206
user_1000_207@example.com,password207
user_1000_208@example.com,password208
user_1000_209@example.com,password209
user_1000_210@example.com,password210
user_1000_211@example.com,password211
user_1000_212@example.com,password212
user_1000_213@example.com,password213
user_1000_214@example.com,password214
user_1000_215@example.com,password215
user_1000_216@example.com,password216
user_1000_217@example.com,password217
user_1000_218@example.com,password218
user_1000_219@example.com,password219
user_1000_220@example.com,password220
user_1000_221@example.com,password221
user_1000_222@example.com,password222
user_1000_223@example.com,password223
user_1000_224@example.com,password224
user_1000_225@example.com,password225
user_1000_226@example.com,password226
user_1000_227@example.com,password227
user_1000_228@example.com,password228
user_1000_229@example.com,password229
user_1000_230@example.com,password230
user_1000_231@example.com,password231
user_1000_232@example.com,password232
user_1000_233@example.com,password233
user_1000_234@example.com,password234
user_1000_235@example.com,password235
user_1000_236@example.com,password236
user_1000_237@example.com,password237
user_1000_238@example.com,password238
user_1000_239@example.com,password239
user_1000_240@example.com,password240
user_1000_241@example.com,password241
user_1000_242@example.com,password242
user_1000_243@example.com,password243
user_1000_244@example.com,password244
user_1000_245@example.com,password245
user_1000_246@example.com,password246
user_1000_247@example.com,password247
user_1000_248@example.com,password248
user_1000_249@example.com,password249
user_1000_250@example.com,password250
user_1000_251@example.com,password251
user_1000_252@example.com,password252
user_1000_253@example.com,password253
user_1000_254@example.com,password254
user_1000_255@example.com,password255
user_1000_256@example.com,password256
user_1000_257@example.com,password257
user_1000_258@example.com,password258
user_1000_259@example.com,password259
user_1000_260@example.com,password260
user_1000_261@example.com,password261
user_1000_262@example.com,password262
user_1000_263@example.com,password263
user_1000_264@example.com,password264
user_1000_265@example.com,password265
user_1000_266@example.com,password266
user_1000_267@example.com,password267
user_1000_268@example.com,password268
user_1000_269@example.com,password269
user_1000_270@example.com,password270
user_1000_271@example.com,password271
user_1000_272@example.com,password272
user_1000_273@example.com,password273
user_1000_274@example.com,password274
user_1000_275@example.com,password275
user_1000_276@example.com,password276
user_1000_277@example.com,password277
user_1000_278@example.com,password278
user_1000_279@example.com,password279
user_1000_280@example.com,password280
user_1000_281@example.com,password281
user_1000_282@example.com,password282
user_1000_283@example.com,password283
user_1000_284@example.com,password284
user_1000_285@example.com,password285
user_1000_286@example.com,password286
user_1000_287@example.com,password287
user_1000_288@example.com,password288
user_1000_289@example.com,password289
user_1000_290@example.com,password290
user_1000_291@example.com,password291
user_1000_292@example.com,password292
user_1000_293@example.com,password293
user_1000_294@example.com,password294
user_1000_295@example.com,password295
user_1000_296@example.com,password296
user_1000_297@example.com,password297
user_1000_298@example.com,password298
user_1000_299@example.com,password299
user_1000_300@example.com,password300
user_1000_301@example.com,password301
user_1000_302@example.com,password302
user_1000_303@example.com,password303
user_1000_304@example.com,password304
user_1000_305@example.com,password305
user_1000_306@example.com,password306
user_1000_307@example.com,password307
user_1000_308@example.com,password308
user_1000_309@example.com,password309
user_1000_310@example.com,password310
user_1000_311@example.com,password311
user_1000_312@example.com,password312
user_1000_313@example.com,password313
user_1000_314@example.com,password314
user_1000_315@example.com,password315
user_1000_316@example.com,password316
user_1000_317@example.com,password317
user_1000_318@example.com,password318
user_1000_319@example.com,password319
user_1000_320@example.com,password320
user_1000_321@example.com,password321
user_1000_322@example.com,password322
user_1000_323@example.com,password323
user_1000_324@example.com,password324
user_1000_325@example.com,password325
user_1000_326@example.com,password326
user_1000_327@example.com,password327
user_1000_328@example.com,password328
user_1000_329@example.com,password329
user_1000_330@example.com,password330
user_1000_331@example.com,password331
user_1000_332@example.com,password332
user_1000_333@example.com,password333
user_1000_334@example.com,password334
user_1000_335@example.com,password335
user_1000_336@example.com,password336
user_1000_337@example.com,password337
user_1000_338@example.com,password338
user_1000_339@example.com,password339
user_1000_340@example.com,password340
user_1000_341@example.com,password341
user_1000_342@example.com,password342
user_1000_343@example.com,password343
user_1000_344@example.com,password344
user_1000_345@example.com,password345
user_1000_346@example.com,password346
user_1000_347@example.com,password347
user_1000_348@example.com,password348
user_1000_349@example.com,password349
user_1000_350@example.com,password350
user_1000_351@example.com,password351
user_1000_352@example.com,password352
user_1000_353@example.com,password353
user_1000_354@example.com,password354
user_1000_355@example.com,password355
user_1000_356@example.com,password356
user_1000_357@example.com,password357
user_1000_358@example.com,password358
user_1000_359@example.com,password359
user_1000_360@example.com,password360
user_1000_361@example.com,password361
user_1000_362@example.com,password362
user_1000_363@example.com,password363
user_1000_364@example.com,password364
user_1000_365@example.com,password365
user_1000_366@example.com,password366
user_1000_367@example.com,password367
user_1000_368@example.com,password368
user_1000_369@example.com,password369
user_1000_370@example.com,password370
user_1000_371@example.com,password371
user_1000_372@example.com,password372
user_1000_373@example.com,password373
user_1000_374@example.com,password374
user_1000_375@example.com,password375
user_1000_376@example.com,password376
user_1000_377@example.com,password377
user_1000_378@example.com,password378
user_1000_379@example.com,password379
user_1000_380@example.com,password380
user_1000_381@example.com,password381
user_1000_382@example.com,password382
user_1000_383@example.com,password383
user_1000_384@example.com,password384
user_1000_385@example.com,password385
user_1000_386@example.com,password386
user_1000_387@example.com,password387
user_1000_388@example.com,password388
user_1000_389@example.com,password389
user_1000_390@example.com,password390
user_1000_391@example.com,password391
user_1000_392@example.com,password392
user_1000_393@example.com,password393
user_1000_394@example.com,password394
user_1000_395@example.com,password395
user_1000_396@example.com,password396
user_1000_397@example.com,password397
user_1000_398@example.com,password398
user_1000_399@example.com,password399
user_1000_400@example.com,password400
user_1000_401@example.com,password401
user_1000_402@example.com,password402
user_1000_403@example.com,password403
user_1000_404@example.com,password404
user_1000_405@example.com,password405
user_1000_406@example.com,password406
user_1000_407@example.com,password407
user_1000_408@example.com,password408
user_1000_409@example.com,password409
user_1000_410@example.com,password410
user_1000_411@example.com,password411
user_1000_412@example.com,password412
user_1000_413@example.com,password413
user_1000_414@example.com,password414
user_1000_415@example.com,password415
user_1000_416@example.com,password416
user_1000_417@example.com,password417
user_1000_418@example.com,password418
user_1000_419@example.com,password419
user_1000_420@example.com,password420
user_1000_421@example.com,password421
user_1000_422@example.com,password422
user_1000_423@example.com,password423
user_1000_424@example.com,password424
user_1000_425@example.com,password425
user_1000_426@example.com,password426
user_1000_427@example.com,password427
user_1000_428@example.com,password428
user_1000_429@example.com,password429
user_1000_430@example.com,password430
user_1000_431@example.com,password431
user_1000_432@example.com,password432
user_1000_433@example.com,password433
user_1000_434@example.com,password434
user_1000_435@example.com,password435
user_1000_436@example.com,password436
user_1000_437@example.com,password437
user_1000_438@example.com,password438
user_1000_439@example.com,password439
user_1000_440@example.com,password440
user_1000_441@example.com,password441
user_1000_442@example.com,password442
user_1000_443@example.com,password443
user_1000_444@example.com,password444
user_1000_445@example.com,password445
user_1000_446@example.com,password446
user_1000_447@example.com,password447
user_1000_448@example.com,password448
user_1000_449@example.com,password449
user_1000_450@example.com,password450
user_1000_451@example.com,password451
user_1000_452@example.com,password452
user_1000_453@example.com,password453
user_1000_454@example.com,password454
user_1000_455@example.com,password455
user_1000_456@example.com,password456
user_1000_457@example.com,password457
user_1000_458@example.com,password458
user_1000_459@example.com,password459
user_1000_460@example.com,password460
user_1000_461@example.com,password461
user_1000_462@example.com,password462
user_1000_463@example.com,password463
user_1000_464@example.com,password464
user_1000_465@example.com,password465
user_1000_466@example.com,password466
user_1000_467@example.com,password467
user_1000_468@example.com,password468
user_1000_469@example.com,password469
user_1000_470@example.com,password470
user_1000_471@example.com,password471
user_1000_472@example.com,password472
user_1000_473@example.com,password473
user_1000_474@example.com,password474
user_1000_475@example.com,password475
user_1000_476@example.com,password476
user_1000_477@example.com,password477
user_1000_478@example.com,password478
user_1000_479@example.com,password479
user_1000_480@example.com,password480
user_1000_481@example.com,password481
user_1000_482@example.com,password482
user_1000_483@example.com,password483
user_1000_484@example.com,password484
user_1000_485@example.com,password485
user_1000_486@example.com,password486
user_1000_487@example.com,password487
user_1000_488@example.com,password488
user_1000_489@example.com,password489
user_1000_490@example.com,password490
user_1000_491@example.com,password491
user_1000_492@example.com,password492
user_1000_493@example.com,password493
user_1000_494@example.com,password494
user_1000_495@example.com,password495
user_1000_496@example.com,password496
user_1000_497@example.com,password497
user_1000_498@example.com,password498
user_1000_499@example.com,password499
user_1000_500@example.com,password500
user_1000_501@example.com,password501
user_1000_502@example.com,password502
user_1000_503@example.com,password503
user_1000_504@example.com,password504
user_1000_505@example.com,password505
user_1000_506@example.com,password506
user_1000_507@example.com,password507
user_1000_508@example.com,password508
user_1000_509@example.com,password509
user_1000_510@example.com,password510
user_1000_511@example.com,password511
user_1000_512@example.com,password512
user_1000_513@example.com,password513
user_1000_514@example.com,password514
user_1000_515@example.com,password515
user_1000_516@example.com,password516
user_1000_517@example.com,password517
user_1000_518@example.com,password518
user_1000_519@example.com,password519
user_1000_520@example.com,password520
user_1000_521@example.com,password521
user_1000_522@example.com,password522
user_1000_523@example.com,password523
user_1000_524@example.com,password524
user_1000_525@example.com,password525
user_1000_526@example.com,password526
user_1000_527@example.com,password527
user_1000_528@example.com,password528
user_1000_529@example.com,password529
user_1000_530@example.com,password530
user_1000_531@example.com,password531
user_1000_532@example.com,password532
user_1000_533@example.com,password533
user_1000_534@example.com,password534
user_1000_535@example.com,password535
user_1000_536@example.com,password536
user_1000_537@example.com,password537
user_1000_538@example.com,password538
user_1000_539@example.com,password539
user_1000_540@example.com,password540
user_1000_541@example.com,password541
user_1000_542@example.com,password542
user_1000_543@example.com,password543
user_1000_544@example.com,password544
user_1000_545@example.com,password545
user_1000_546@example.com,password546
user_1000_547@example.com,password547
user_1000_548@example.com,password548
user_1000_549@example.com,password549
user_1000_550@example.com,password550
user_1000_551@example.com,password551
user_1000_552@example.com,password552
user_1000_553@example.com,password553
user_1000_554@example.com,password554
user_1000_555@example.com,password555
user_1000_556@example.com,password556
user_1000_557@example.com,password557
user_1000_558@example.com,password558
user_1000_559@example.com,password559
user_1000_560@example.com,password560
user_1000_561@example.com,password561
user_1000_562@example.com,password562
user_1000_563@example.com,password563
user_1000_564@example.com,password564
user_1000_565@example.com,password565
user_1000_566@example.com,password566
user_1000_567@example.com,password567
user_1000_568@example.com,password568
user_1000_569@example.com,password569
user_1000_570@example.com,password570
user_1000_571@example.com,password571
user_1000_572@example.com,password572
user_1000_573@example.com,password573
user_1000_574@example.com,password574
user_1000_575@example.com,password575
user_1000_576@example.com,password576
user_1000_577@example.com,password577
user_1000_578@example.com,password578
user_1000_579@example.com,password579
user_1000_580@example.com,password580
user_1000_581@example.com,password581
user_1000_582@example.com,password582
user_1000_583@example.com,password583
user_1000_584@example.com,password584
user_1000_585@example.com,password585
user_1000_586@example.com,password586
user_1000_587@example.com,password587
user_1000_588@example.com,password588
user_1000_589@example.com,password589
user_1000_590@example.com,password590
user_1000_591@example.com,password591
user_1000_592@example.com,password592
user_1000_593@example.com,password593
user_1000_594@example.com,password594
user_1000_595@example.com,password595
user_1000_596@example.com,password596
user_1000_597@example.com,password597
user_1000_598@example.com,password598
user_1000_599@example.com,password599
user_1000_600@example.com,password600
user_1000_601@example.com,password601
user_1000_602@example.com,password602
user_1000_603@example.com,password603
user_1000_604@example.com,password604
user_1000_605@example.com,password605
user_1000_606@example.com,password606
user_1000_607@example.com,password607
user_1000_608@example.com,password608
user_1000_609@example.com,password609
user_1000_610@example.com,password610
user_1000_611@example.com,password611
user_1000_612@example.com,password612
user_1000_613@example.com,password613
user_1000_614@example.com,password614
user_1000_615@example.com,password615
user_1000_616@example.com,password616
user_1000_617@example.com,password617
user_1000_618@example.com,password618
user_1000_619@example.com,password619
user_1000_620@example.com,password620
user_1000_621@example.com,password621
user_1000_622@example.com,password622
user_1000_623@example.com,password623
user_1000_624@example.com,password624
user_1000_625@example.com,password625
user_1000_626@example.com,password626
user_1000_627@example.com,password627
user_1000_628@example.com,password628
user_1000_629@example.com,password629
user_1000_630@example.com,password630
user_1000_631@example.com,password631
user_1000_632@example.com,password632
user_1000_633@example.com,password633
user_1000_634@example.com,password634
user_1000_635@example.com,password635
user_1000_636@example.com,password636
user_1000_637@example.com,password637
user_1000_638@example.com,password638
user_1000_639@example.com,password639
user_1000_640@example.com,password640
user_1000_641@example.com,password641
user_1000_642@example.com,password642
user_1000_643@example.com,password643
user_1000_644@example.com,password644
user_1000_645@example.com,password645
user_1000_646@example.com,password646
user_1000_647@example.com,password647
user_1000_648@example.com,password648
user_1000_649@example.com,password649
user_1000_650@example.com,password650
user_1000_651@example.com,password651
user_1000_652@example.com,password652
user_1000_653@example.com,password653
user_1000_654@example.com,password654
user_1000_655@example.com,password655
user_1000_656@example.com,password656
user_1000_657@example.com,password657
user_1000_658@example.com,password658
user_1000_659@example.com,password659
user_1000_660@example.com,password660
user_1000_661@example.com,password661
user_1000_662@example.com,password662
user_1000_663@example.com,password663
user_1000_664@example.com,password664
user_1000_665@example.com,password665
user_1000_666@example.com,password666
user_1000_667@example.com,password667
user_1000_668@example.com,password668
user_1000_669@example.com,password669
user_1000_670@example.com,password670
user_1000_671@example.com,password671
user_1000_672@example.com,password672
user_1000_673@example.com,password673
user_1000_674@example.com,password674
user_1000_675@example.com,password675
user_1000_676@example.com,password676
user_1000_677@example.com,password677
user_1000_678@example.com,password678
user_1000_679@example.com,password679
user_1000_680@example.com,password680
user_1000_681@example.com,password681
user_1000_682@example.com,password682
user_1000_683@example.com,password683
user_1000_684@example.com,password684
user_1000_685@example.com,password685
user_1000_686@example.com,password686
user_1000_687@example.com,password687
user_1000_688@example.com,password688
user_1000_689@example.com,password689
user_1000_690@example.com,password690
user_1000_691@example.com,password691
user_1000_692@example.com,password692
user_1000_693@example.com,password693
user_1000_694@example.com,password694
user_1000_695@example.com,password695
user_1000_696@example.com,password696
user_1000_697@example.com,password697
user_1000_698@example.com,password698
user_1000_699@example.com,password699
user_1000_700@example.com,password700
user_1000_701@example.com,password701
user_1000_702@example.com,password702
user_1000_703@example.com,password703
user_1000_704@example.com,password704
user_1000_705@example.com,password705
user_1000_706@example.com,password706
user_1000_707@example.com,password707
user_1000_708@example.com,password708
user_1000_709@example.com,password709
user_1000_710@example.com,password710
user_1000_711@example.com,password711
user_1000_712@example.com,password712
user_1000_713@example.com,password713
user_1000_714@example.com,password714
user_1000_715@example.com,password715
user_1000_716@example.com,password716
user_1000_717@example.com,password717
user_1000_718@example.com,password718
user_1000_719@example.com,password719
user_1000_720@example.com,password720
user_1000_721@example.com,password721
user_1000_722@example.com,password722
user_1000_723@example.com,password723
user_1000_724@example.com,password724
user_1000_725@example.com,password725
user_1000_726@example.com,password726
user_1000_727@example.com,password727
user_1000_728@example.com,password728
user_1000_729@example.com,password729
user_1000_730@example.com,password730
user_1000_731@example.com,password731
user_1000_732@example.com,password732
user_1000_733@example.com,password733
user_1000_734@example.com,password734
user_1000_735@example.com,password735
user_1000_736@example.com,password736
user_1000_737@example.com,password737
user_1000_738@example.com,password738
user_1000_739@example.com,password739
user_1000_740@example.com,password740
user_1000_741@example.com,password741
user_1000_742@example.com,password742
user_1000_743@example.com,password743
user_1000_744@example.com,password744
user_1000_745@example.com,password745
user_1000_746@example.com,password746
user_1000_747@example.com,password747
user_1000_748@example.com,password748
user_1000_749@example.com,password749
user_1000_750@example.com,password750
user_1000_751@example.com,password751
user_1000_752@example.com,password752
user_1000_753@example.com,password753
user_1000_754@example.com,password754
user_1000_755@example.com,password755
user_1000_756@example.com,password756
user_1000_757@example.com,password757
user_1000_758@example.com,password758
user_1000_759@example.com,password759
user_1000_760@example.com,password760
user_1000_761@example.com,password761
user_1000_762@example.com,password762
user_1000_763@example.com,password763
user_1000_764@example.com,password764
user_1000_765@example.com,password765
user_1000_766@example.com,password766
user_1000_767@example.com,password767
user_1000_768@example.com,password768
user_1000_769@example.com,password769
user_1000_770@example.com,password770
user_1000_771@example.com,password771
user_1000_772@example.com,password772
user_1000_773@example.com,password773
user_1000_774@example.com,password774
user_1000_775@example.com,password775
user_1000_776@example.com,password776
user_1000_777@example.com,password777
user_1000_778@example.com,password778
user_1000_779@example.com,password779
user_1000_780@example.com,password780
user_1000_781@example.com,password781
user_1000_782@example.com,password782
user_1000_783@example.com,password783
user_1000_784@example.com,password784
user_1000_785@example.com,password785
user_1000_786@example.com,password786
user_1000_787@example.com,password787
user_1000_788@example.com,password788
user_1000_789@example.com,password789
user_1000_790@example.com,password790
user_1000_791@example.com,password791
user_1000_792@example.com,password792
user_1000_793@example.com,password793
user_1000_794@example.com,password794
user_1000_795@example.com,password795
user_1000_796@example.com,password796
user_1000_797@example.com,password797
user_1000_798@example.com,password798
user_1000_799@example.com,password799
user_1000_800@example.com,password800
user_1000_801@example.com,password801
user_1000_802@example.com,password802
user_1000_803@example.com,password803
user_1000_804@example.com,password804
user_1000_805@example.com,password805
user_1000_806@example.com,password806
user_1000_807@example.com,password807
user_1000_808@example.com,password808
user_1000_809@example.com,password809
user_1000_810@example.com,password810
user_1000_811@example.com,password811
user_1000_812@example.com,password812
user_1000_813@example.com,password813
user_1000_814@example.com,password814
user_1000_815@example.com,password815
user_1000_816@example.com,password816
user_1000_817@example.com,password817
user_1000_818@example.com,password818
user_1000_819@example.com,password819
user_1000_820@example.com,password820
user_1000_821@example.com,password821
user_1000_822@example.com,password822
user_1000_823@example.com,password823
user_1000_824@example.com,password824
user_1000_825@example.com,password825
user_1000_826@example.com,password826
user_1000_827@example.com,password827
user_1000_828@example.com,password828
user_1000_829@example.com,password829
user_1000_830@example.com,password830
user_1000_831@example.com,password831
user_1000_832@example.com,password832
user_1000_833@example.com,password833
user_1000_834@example.com,password834
user_1000_835@example.com,password835
user_1000_836@example.com,password836
user_1000_837@example.com,password837
user_1000_838@example.com,password838
user_1000_839@example.com,password839
user_1000_840@example.com,password840
user_1000_841@example.com,password841
user_1000_842@example.com,password842
user_1000_843@example.com,password843
user_1000_844@example.com,password844
user_1000_845@example.com,password845
user_1000_846@example.com,password846
user_1000_847@example.com,password847
user_1000_848@example.com,password848
user_1000_849@example.com,password849
user_1000_850@example.com,password850
user_1000_851@example.com,password851
user_1000_852@example.com,password852
user_1000_853@example.com,password853
user_1000_854@example.com,password854
user_1000_855@example.com,password855
user_1000_856@example.com,password856
user_1000_857@example.com,password857
user_1000_858@example.com,password858
user_1000_859@example.com,password859
user_1000_860@example.com,password860
user_1000_861@example.com,password861
user_1000_862@example.com,password862
user_1000_863@example.com,password863
user_1000_864@example.com,password864
user_1000_865@example.com,password865
user_1000_866@example.com,password866
user_1000_867@example.com,password867
user_1000_868@example.com,password868
user_1000_869@example.com,password869
user_1000_870@example.com,password870
user_1000_871@example.com,password871
user_1000_872@example.com,password872
user_1000_873@example.com,password873
user_1000_874@example.com,password874
user_1000_875@example.com,password875
user_1000_876@example.com,password876
user_1000_877@example.com,password877
user_1000_878@example.com,password878
user_1000_879@example.com,password879
user_1000_880@example.com,password880
user_1000_881@example.com,password881
user_1000_882@example.com,password882
user_1000_883@example.com,password883
user_1000_884@example.com,password884
user_1000_885@example.com,password885
user_1000_886@example.com,password886
user_1000_887@example.com,password887
user_1000_888@example.com,password888
user_1000_889@example.com,password889
user_1000_890@example.com,password890
user_1000_891@example.com,password891
user_1000_892@example.com,password892
user_1000_893@example.com,password893
user_1000_894@example.com,password894
user_1000_895@example.com,password895
user_1000_896@example.com,password896
user_1000_897@example.com,password897
user_1000_898@example.com,password898
user_1000_899@example.com,password899
user_1000_900@example.com,password900
user_1000_901@example.com,password901
user_1000_902@example.com,password902
user_1000_903@example.com,password903
user_1000_904@example.com,password904
user_1000_905@example.com,password905
user_1000_906@example.com,password906
user_1000_907@example.com,password907
user_1000_908@example.com,password908
user_1000_909@example.com,password909
user_1000_910@example.com,password910
user_1000_911@example.com,password911
user_1000_912@example.com,password912
user_1000_913@example.com,password913
user_1000_914@example.com,password914
user_1000_915@example.com,password915
user_1000_916@example.com,password916
user_1000_917@example.com,password917
user_1000_918@example.com,password918
user_1000_919@example.com,password919
user_1000_920@example.com,password920
user_1000_921@example.com,password921
user_1000_922@example.com,password922
user_1000_923@example.com,password923
user_1000_924@example.com,password924
user_1000_925@example.com,password925
user_1000_926@example.com,password926
user_1000_927@example.com,password927
user_1000_928@example.com,password928
user_1000_929@example.com,password929
user_1000_930@example.com,password930
user_1000_931@example.com,password931
user_1000_932@example.com,password932
user_1000_933@example.com,password933
user_1000_934@example.com,password934
user_1000_935@example.com,password935
user_1000_936@example.com,password936
user_1000_937@example.com,password937
user_1000_938@example.com,password938
user_1000_939@example.com,password939
user_1000_940@example.com,password940
user_1000_941@example.com,password941
user_1000_942@example.com,password942
user_1000_943@example.com,password943
user_1000_944@example.com,password944
user_1000_945@example.com,password945
user_1000_946@example.com,password946
user_1000_947@example.com,password947
user_1000_948@example.com,password948
user_1000_949@example.com,password949
user_1000_950@example.com,password950
user_1000_951@example.com,password951
user_1000_952@example.com,password952
user_1000_953@example.com,password953
user_1000_954@example.com,password954
user_1000_955@example.com,password955
user_1000_956@example.com,password956
user_1000_957@example.com,password957
user_1000_958@example.com,password958
user_1000_959@example.com,password959
user_1000_960@example.com,password960
user_1000_961@example.com,password961
user_1000_962@example.com,password962
user_1000_963@example.com,password963
user_1000_964@example.com,password964
user_1000_965@example.com,password965
user_1000_966@example.com,password966
user_1000_967@example.com,password967
user_1000_968@example.com,password968
user_1000_969@example.com,password969
user_1000_970@example.com,password970
user_1000_971@example.com,password971
user_1000_972@example.com,password972
user_1000_973@example.com,password973
user_1000_974@example.com,password974
user_1000_975@example.com,password975
user_1000_976@example.com,password976
user_1000_977@example.com,password977
user_1000_978@example.com,password978
user_1000_979@example.com,password979
user_1000_980@example.com,password980
user_1000_981@example.com,password981
user_1000_982@example.com,password982
user_1000_983@example.com,password983
user_1000_984@example.com,password984
user_1000_985@example.com,password985
user_1000_986@example.com,password986
user_1000_987@example.com,password987
user_1000_988@example.com,password988
user_1000_989@example.com,password989
user_1000_990@example.com,password990
user_1000_991@example.com,password991
user_1000_992@example.com,password992
user_1000_993@example.com,password993
user_1000_994@example.com,password994
user_1000_995@example.com,password995
user_1000_996@example.com,password996
user_1000_997@example.com,password997
user_1000_998@example.com,password998
user_1000_999@example.com,password999
